gender,email,phone,cell,nat,name.title,name.first,name.last,location.street,location.city,location.state,location.country,location.postcode,location.coordinates,location.timezone,login.uuid,login.username,login.password,login.salt,login.md5,login.sha1,login.sha256,dob.date,dob.age,registered.date,registered.age,id.name,id.value,picture.large,picture.medium,picture.thumbnail
female,wendy.garica@example.com,(683) 018 6388,(618) 416 1943,MX,Miss,Wendy,Garica,"{'number': 5562, 'name': 'Viaducto Querétaro'}",Ixtlahuaca,Hidalgo,Mexico,21034,"{'latitude': '29.3929', 'longitude': '91.9301'}","{'offset': '+9:00', 'description': 'Tokyo, Seoul, Osaka, Sapporo, Yakutsk'}",f53e8f66-1447-4dc9-a8a2-7decde402da5,blackladybug871,nathan1,rpE2XL6F,a4dee13f66cfc8212acda6fbf9f9a02b,37de2b694541034b199c4e087eadfe4664ed8854,fed98b157e78b4ac8d58dcbb344b52ccb8dc215c497821ef615b18550149e2f3,1997-03-27T06:42:52.879Z,27,2018-02-16T21:57:31.510Z,7,NSS,09 25 84 3537 0,https://randomuser.me/api/portraits/women/83.jpg,https://randomuser.me/api/portraits/med/women/83.jpg,https://randomuser.me/api/portraits/thumb/women/83.jpg
female,angelina.stojkovic@example.com,016-5967-057,062-9981-496,RS,Ms,Angelina,Stojković,"{'number': 2021, 'name': 'Tomaška'}",Alibunar,Zaječar,Serbia,10120,"{'latitude': '58.9688', 'longitude': '44.1551'}","{'offset': '-1:00', 'description': 'Azores, Cape Verde Islands'}",1cd63d0f-0e08-466b-8e35-02bcf4a9fac0,goldenbear259,camila,5bHzxSb3,9656469e221b8b31f1ddcdaab4befd10,38cf0c555d44c5a02333a5168524ed355a20a694,117233b61cfb5a1f420a9343078e4e47fae1826bb7c4d6d09041dfff04952c2a,1985-03-08T16:35:46.114Z,39,2018-04-28T08:13:24.856Z,6,SID,987278831,https://randomuser.me/api/portraits/women/91.jpg,https://randomuser.me/api/portraits/med/women/91.jpg,https://randomuser.me/api/portraits/thumb/women/91.jpg
male,karsten.diedrich@example.com,0111-7672126,0176-6158664,DE,Mr,Karsten,Diedrich,"{'number': 5548, 'name': 'Feldstraße'}",Duisburg,Sachsen-Anhalt,Germany,73259,"{'latitude': '-52.5350', 'longitude': '-82.0865'}","{'offset': '+4:00', 'description': 'Abu Dhabi, Muscat, Baku, Tbilisi'}",92a843db-00a3-48cd-a22e-4e1c321bab41,blackswan350,bigal,ddNoGWYN,6d75aee3cfc213d34bd3287c248ebc92,f18bedac5c7861b8cf4a360014afee0615ccd47e,87adea04094ef3c4097a12d131e1aab8fce65432b1e6b5299a8101d83ebf45ce,1995-01-16T18:21:09.466Z,30,2003-07-03T02:08:50.027Z,21,SVNR,47 160195 D 355,https://randomuser.me/api/portraits/men/79.jpg,https://randomuser.me/api/portraits/med/men/79.jpg,https://randomuser.me/api/portraits/thumb/men/79.jpg
female,nora.laurent@example.com,076 663 06 58,075 955 79 89,CH,Mademoiselle,Nora,Laurent,"{'number': 6217, 'name': 'Rue de la Baleine'}",Göschenen,Schaffhausen,Switzerland,8232,"{'latitude': '-60.3517', 'longitude': '4.6334'}","{'offset': '-3:00', 'description': 'Brazil, Buenos Aires, Georgetown'}",c7459a59-da6c-4778-9bc6-5462f2c39960,greengoose358,scandinavian,PAVCDHwS,62a0a55e3faa16edb3218c5b6ac71e27,f8d736891d1e95e9c06285aacd244d11122324d3,98cd0676ae43b8b6ad435b79d774e031aa773b62bfcbb191df1d3e6cf709dc9f,1968-11-17T02:40:11.812Z,56,2005-10-14T13:40:45.362Z,19,AVS,756.0985.4037.85,https://randomuser.me/api/portraits/women/94.jpg,https://randomuser.me/api/portraits/med/women/94.jpg,https://randomuser.me/api/portraits/thumb/women/94.jpg
female,emma.chavez@example.com,(525) 440-5350,(372) 689-6114,US,Ms,Emma,Chavez,"{'number': 1448, 'name': 'Walnut Hill Ln'}",Tallahassee,West Virginia,United States,77051,"{'latitude': '82.8976', 'longitude': '131.4510'}","{'offset': '+6:00', 'description': 'Almaty, Dhaka, Colombo'}",42ec2eef-b2ca-4bfa-8563-167797484708,browncat450,goofy,jXPR9Oat,5b2e00a8eb030d62d8d47e5539b18eb2,ee085493929012d3ef92466e7d223eb64fe4b91d,9a0f7fd93007e8e225385d100e841cb1de902c5f866164814ce6b1e9ae6d4f26,1971-03-09T17:27:54.560Z,53,2011-09-25T12:45:04.271Z,13,SSN,116-16-9571,https://randomuser.me/api/portraits/women/59.jpg,https://randomuser.me/api/portraits/med/women/59.jpg,https://randomuser.me/api/portraits/thumb/women/59.jpg
male,bahattin.riemersma@example.com,(0328) 846807,(06) 74450483,NL,Mr,Bahattin,Riemersma,"{'number': 8128, 'name': 'Brededijk'}",Westvoorne,Zuid-Holland,Netherlands,6524 YK,"{'latitude': '37.8931', 'longitude': '-159.8625'}","{'offset': '-10:00', 'description': 'Hawaii'}",191d3ee9-694f-4365-b063-7d4b8ae5f917,greenelephant544,1234qwer,xLs9oywS,c04dfcdf1cfd3b2efbc3e98968f1e3f3,4e4447683c6f4448788c1605dc959bd98e078c76,3f857bae7356d43f48e5ee23d3820c2ce710e5d3051400df120eb938bddeda2e,1994-04-20T15:08:40.226Z,30,2007-06-01T08:58:06.779Z,17,BSN,55612063,https://randomuser.me/api/portraits/men/72.jpg,https://randomuser.me/api/portraits/med/men/72.jpg,https://randomuser.me/api/portraits/thumb/men/72.jpg
male,guilhermino.santos@example.com,(55) 9733-1626,(69) 0622-7449,BR,Mr,Guilhermino,Santos,"{'number': 1146, 'name': 'Rua Pará '}",Jacareí,Minas Gerais,Brazil,97985,"{'latitude': '-75.7252', 'longitude': '-62.9258'}","{'offset': '-1:00', 'description': 'Azores, Cape Verde Islands'}",7e61777f-98f3-46e6-97b2-db3e98eb662a,sadcat853,howdy,LH8nA4xv,08e9fbb1e5df5e5271d2cd26da9aa3fd,31c5311796e4395776e04ebf0b47f8275c50a030,afe2ef6ccba201bcb9d2ab87b4e3b00c3a37a20545b0990e5fa06b63379f09fe,1984-04-13T09:24:16.227Z,40,2006-09-09T20:16:58.517Z,18,CPF,611.349.939-34,https://randomuser.me/api/portraits/men/88.jpg,https://randomuser.me/api/portraits/med/men/88.jpg,https://randomuser.me/api/portraits/thumb/men/88.jpg
female,severine.lucas@example.com,076 179 27 62,077 825 06 53,CH,Madame,Séverine,Lucas,"{'number': 293, 'name': 'Avenue Debrousse'}",Bitsch,Vaud,Switzerland,9036,"{'latitude': '-60.6098', 'longitude': '162.8795'}","{'offset': '-3:30', 'description': 'Newfoundland'}",d9c4001e-0090-4862-a422-38802ee62bf4,blackduck581,because,dJbGxjyq,c364f1091dc46c5f8dc91f839119a14c,a5e6281551f73fa8e43b72155564f2290dafe5b1,10ef013de72039ca01bb29952fe5e6085a763bce6e861e882209ccec8260f33d,1974-12-30T22:25:06.333Z,50,2003-04-03T12:30:44.582Z,21,AVS,756.7945.2711.33,https://randomuser.me/api/portraits/women/16.jpg,https://randomuser.me/api/portraits/med/women/16.jpg,https://randomuser.me/api/portraits/thumb/women/16.jpg
female,taahira.saldanha@example.com,7989409211,9952857945,IN,Mrs,Taahira,Saldanha,"{'number': 7495, 'name': 'Racecource Rd'}",Kozhikode,Dadra and Nagar Haveli,India,55033,"{'latitude': '5.9316', 'longitude': '57.6269'}","{'offset': '0:00', 'description': 'Western Europe Time, London, Lisbon, Casablanca'}",ec96ba83-8ad6-4d0b-8f36-1bae01ecf71e,happybutterfly772,california,NYyZcTG9,30516556b41d60c349b10cfa9d7c9552,9b4e5f874d4f0af3602c4d21d38954747a243160,4bbb09078e09145f27fdcb7fe91afe0e9a5f6b48fc902d872e8061560e839cd7,1980-12-30T02:40:47.178Z,44,2020-06-12T15:28:54.044Z,4,UIDAI,961589005967,https://randomuser.me/api/portraits/women/0.jpg,https://randomuser.me/api/portraits/med/women/0.jpg,https://randomuser.me/api/portraits/thumb/women/0.jpg
female,carmen.sanders@example.com,01-5339-2330,0439-249-885,AU,Ms,Carmen,Sanders,"{'number': 6831, 'name': 'Mockingbird Hill'}",Dubbo,Victoria,Australia,5282,"{'latitude': '-89.5734', 'longitude': '128.4419'}","{'offset': '+5:45', 'description': 'Kathmandu'}",2deca85c-b38c-4d4c-91fd-06f171865e45,smallbird441,woodie,oIU1qV2f,3b5b0a696412d2c4e9198ee8b553294b,670c033d76f1773af45bd1d7fd2bbc2e82499a76,167ebba6914fd69e0efcccafc4d36a49346f60dd95075d28e998136c45aa075c,2000-01-27T02:58:27.853Z,25,2003-10-01T12:50:30.304Z,21,TFN,134442465,https://randomuser.me/api/portraits/women/47.jpg,https://randomuser.me/api/portraits/med/women/47.jpg,https://randomuser.me/api/portraits/thumb/women/47.jpg
male,fredi.kleinert@example.com,0318-6597011,0174-3870123,DE,Mr,Fredi,Kleinert,"{'number': 369, 'name': 'Fasanenweg'}",Buttelstedt,Bremen,Germany,72079,"{'latitude': '-53.7612', 'longitude': '-57.2658'}","{'offset': '+11:00', 'description': 'Magadan, Solomon Islands, New Caledonia'}",47f0424b-df69-4bf1-8d50-9f8b42cb9fb0,goldenbird639,straight,38AIT0fU,20c19d94b5b7200f106933b816e7c2f7,2fb95150b6a0d1dedd2ab9d6054837af14b36835,9ca2f6d862ba6533a5becc9ac43c58de20564db7dbdf35614a02a0018094f3b7,2000-12-11T00:31:01.209Z,24,2013-03-03T12:41:05.868Z,12,SVNR,66 1012100 K 119,https://randomuser.me/api/portraits/men/74.jpg,https://randomuser.me/api/portraits/med/men/74.jpg,https://randomuser.me/api/portraits/thumb/men/74.jpg
female,felecia.martin@example.com,(753) 256-5995,(843) 740-6943,US,Mrs,Felecia,Martin,"{'number': 4650, 'name': 'Spring St'}",Antioch,California,United States,19835,"{'latitude': '88.3954', 'longitude': '117.6770'}","{'offset': '+7:00', 'description': 'Bangkok, Hanoi, Jakarta'}",588d7c01-1aaa-477e-8cbe-cd775b840998,tinyrabbit862,raiders1,OPMDE5YX,5823f98d70ba05e1f43ac1b71ae8e069,2881f055860260430dde2db0294aa0022e101cae,843ae174cb0cccd999efa9426e2d487b970f96507c87e85e057eefc9b12d0b38,1972-05-31T11:37:58.425Z,52,2011-04-26T05:17:25.346Z,13,SSN,088-77-8772,https://randomuser.me/api/portraits/women/33.jpg,https://randomuser.me/api/portraits/med/women/33.jpg,https://randomuser.me/api/portraits/thumb/women/33.jpg
male,arsyn.mrdy@example.com,076-87743210,0919-934-2254,IR,Mr,آرسین,مرادی,"{'number': 3995, 'name': 'سباری'}",بابل,سمنان,Iran,46926,"{'latitude': '20.0797', 'longitude': '-112.2486'}","{'offset': '-1:00', 'description': 'Azores, Cape Verde Islands'}",19665376-b733-4e81-92cc-32f7badbc764,silverrabbit283,brendan,SCnn4Gfe,06300a9a021151bddf8b148795854403,4f3c0d2220c521699aee0d47f994233e15b89adf,9f04ea0c296301e653eb80caddbe7c1197bbabee999d28a3f3c7f2745bbabea7,1954-10-03T09:59:43.805Z,70,2022-05-21T17:50:37.743Z,2,,,https://randomuser.me/api/portraits/men/48.jpg,https://randomuser.me/api/portraits/med/men/48.jpg,https://randomuser.me/api/portraits/thumb/men/48.jpg
female,zenab.degeus@example.com,(0556) 234549,(06) 72141221,NL,Mrs,Zenab,De Geus,"{'number': 3147, 'name': 'Batouwestraat'}",Zevenaar,Friesland,Netherlands,4459 MU,"{'latitude': '31.0507', 'longitude': '36.9848'}","{'offset': '+4:00', 'description': 'Abu Dhabi, Muscat, Baku, Tbilisi'}",f26951f2-938b-4165-add1-d490ad47825d,beautifulswan337,starcraft,nIQezxlZ,523cf6584cb05ceef06484b0299e15fc,23345648b8cf01dd5b0320800c738338e13c8ab8,619215b95739353f4361ed38b3c7b59abd738d8d20890be1a9bfb027e03bd30b,1976-11-09T12:00:00.241Z,48,2002-08-22T18:48:32.255Z,22,BSN,65743554,https://randomuser.me/api/portraits/women/63.jpg,https://randomuser.me/api/portraits/med/women/63.jpg,https://randomuser.me/api/portraits/thumb/women/63.jpg
male,eugene.sullivan@example.com,016977 24023,07377 544453,GB,Mr,Eugene,Sullivan,"{'number': 3642, 'name': 'North Street'}",Newcastle upon Tyne,County Londonderry,United Kingdom,G65 3QQ,"{'latitude': '-10.2656', 'longitude': '-41.3189'}","{'offset': '-9:00', 'description': 'Alaska'}",5e15883b-7820-4f1c-ad3f-46302593a0f0,bluewolf346,sullivan,EIlc0gUh,881a124a5b79fa6d424afdcb28dcae82,760e96ac03f6681f2f65fe682ba64305636001df,50fbb7c6972318e32a8d1a27e6cf0ee4e7d4a17dba127c83c23ab8bda3467864,1966-01-21T18:38:04.981Z,59,2007-01-04T14:36:25.468Z,18,NINO,HC 79 92 18 M,https://randomuser.me/api/portraits/men/0.jpg,https://randomuser.me/api/portraits/med/men/0.jpg,https://randomuser.me/api/portraits/thumb/men/0.jpg
female,aada.rantala@example.com,09-859-507,040-675-94-32,FI,Mrs,Aada,Rantala,"{'number': 8361, 'name': 'Nordenskiöldinkatu'}",Kouvola,Central Ostrobothnia,Finland,22443,"{'latitude': '-24.8098', 'longitude': '177.5916'}","{'offset': '-2:00', 'description': 'Mid-Atlantic'}",0c96d750-2922-4b84-a661-eca5fec8f90c,beautifultiger821,giovanni,JljTGpAA,8c2af3cf88bf12a00eb1656282729c28,f15e1c739140479e09101ae37934d62a45b7999a,05867d7ec5a7e921ac72483c991ca182d7b6ab107c40a2fb02a03bf75ebc3825,1982-06-16T03:42:16.622Z,42,2009-03-06T17:30:18.572Z,16,HETU,NaNNA248undefined,https://randomuser.me/api/portraits/women/94.jpg,https://randomuser.me/api/portraits/med/women/94.jpg,https://randomuser.me/api/portraits/thumb/women/94.jpg
female,esperanza.suarez@example.com,999-682-692,661-558-619,ES,Miss,Esperanza,Suarez,"{'number': 6812, 'name': 'Paseo de Extremadura'}",Guadalajara,Ceuta,Spain,17902,"{'latitude': '-38.1784', 'longitude': '90.4413'}","{'offset': '+10:00', 'description': 'Eastern Australia, Guam, Vladivostok'}",5e0fae56-17a8-43b5-935b-98991fe9d49e,sadmeercat596,fringe,CQHnUvho,f0d2d16a6916de4b132f8b0f8550ebe1,880356ed85d9ba977e1bb493b0a43846408f464b,4d0d9acd574f4e378f8655bee50b9c7d9fe1163643fe9f64616de8c1ed7b9a26,1976-09-18T05:27:11.686Z,48,2014-08-18T10:00:30.315Z,10,DNI,56672549-T,https://randomuser.me/api/portraits/women/6.jpg,https://randomuser.me/api/portraits/med/women/6.jpg,https://randomuser.me/api/portraits/thumb/women/6.jpg
male,theo.thomas@example.com,(215)-413-2679,(143)-871-3297,NZ,Mr,Theo,Thomas,"{'number': 3293, 'name': 'Dee Street'}",Napier,Nelson,New Zealand,32171,"{'latitude': '54.7730', 'longitude': '-127.9897'}","{'offset': '-4:00', 'description': 'Atlantic Time (Canada), Caracas, La Paz'}",eb453773-ca4f-4562-8107-35e03196263a,beautifulladybug318,avalanch,XNs8tylV,41d704c5287909d5a4bfc083859accd5,5ea970f28578e3cce915b60e1538e7e9032634e0,a6dacc08f63c23051ea7385707d39606c460590fd33534bca564eec553acf6db,1965-05-28T00:50:38.477Z,59,2019-12-16T07:14:56.395Z,5,,,https://randomuser.me/api/portraits/men/5.jpg,https://randomuser.me/api/portraits/med/men/5.jpg,https://randomuser.me/api/portraits/thumb/men/5.jpg
male,eneias.freitas@example.com,(89) 5600-2781,(45) 7574-5280,BR,Mr,Eneias,Freitas,"{'number': 9580, 'name': 'Avenida Vinícius de Morais'}",Barretos,Sergipe,Brazil,70894,"{'latitude': '-75.7028', 'longitude': '-36.2296'}","{'offset': '+5:00', 'description': 'Ekaterinburg, Islamabad, Karachi, Tashkent'}",57af11ea-5106-4c27-b5d3-ae98de8a103b,ticklishelephant693,dynamite,ufcAWkC8,580b20eda36bb43bd190900274130df8,4958a51e0f096a1a01d49cc1e82a08f6a0ef4ede,50af879441149b4790a1304977f2650555a870a5333de027384bd81b58e4c702,1996-10-02T07:19:09.007Z,28,2013-09-14T19:05:46.440Z,11,CPF,689.132.341-99,https://randomuser.me/api/portraits/men/55.jpg,https://randomuser.me/api/portraits/med/men/55.jpg,https://randomuser.me/api/portraits/thumb/men/55.jpg
male,alejandro.fonseca@example.com,(652) 986 6095,(627) 939 4449,MX,Mr,Alejandro,Fonseca,"{'number': 3519, 'name': 'Callejón Sur Trujillo'}",General Jesús Agustín Castro,Guerrero,Mexico,41031,"{'latitude': '23.6079', 'longitude': '-35.3099'}","{'offset': '-1:00', 'description': 'Azores, Cape Verde Islands'}",05653565-17e6-44d4-86ca-fe6d83feaa0f,silvermouse988,happy2,eC3yqZsV,cfae03b1be798d0926889dd8b8d7c615,499aab985e3b0cc30577ae31d80205abc4668e63,798d203b91c36bda6828be072804000408310d9d371ea4f08f2509c6d9d9d781,1995-03-23T14:48:02.279Z,29,2010-05-31T07:08:28.865Z,14,NSS,31 79 70 3952 2,https://randomuser.me/api/portraits/men/85.jpg,https://randomuser.me/api/portraits/med/men/85.jpg,https://randomuser.me/api/portraits/thumb/men/85.jpg
female,dolores.fuentes@example.com,968-525-890,666-522-455,ES,Mrs,Dolores,Fuentes,"{'number': 8718, 'name': 'Paseo de Zorrilla'}",Santander,Melilla,Spain,47308,"{'latitude': '-37.7679', 'longitude': '129.4785'}","{'offset': '-12:00', 'description': 'Eniwetok, Kwajalein'}",4480dfcc-65fc-4d9b-a312-e5843ae939ef,blacktiger414,alexis,v8V1LSNo,e52a07c1e7da9b3e6061e9ba5d97f0d0,2ea7dc14c94468d146d6ee975874a83cef1f08ff,08b344083003063be9fc9a6e371828078a25ff8815ece364f208fcfe732e1f43,1974-11-23T13:51:45.810Z,50,2008-01-10T05:57:32.885Z,17,DNI,93353585-J,https://randomuser.me/api/portraits/women/23.jpg,https://randomuser.me/api/portraits/med/women/23.jpg,https://randomuser.me/api/portraits/thumb/women/23.jpg
male,gianluca.legall@example.com,079 382 87 98,079 616 43 55,CH,Monsieur,Gianluca,Le Gall,"{'number': 2770, 'name': 'Avenue Goerges Clémenceau'}",Dardagny,St. Gallen,Switzerland,4054,"{'latitude': '-62.9038', 'longitude': '-145.7958'}","{'offset': '-9:00', 'description': 'Alaska'}",571413b5-3609-4a6d-85eb-487b5f6e4ebe,whitepanda372,farm,nxcLPy1H,9818571667dc2084b5c117e576998835,1e5bf8f590b0836c264cd0dac70e22b9185679f6,a0610d91301de1b5028d356e625ffcb7872cd5c5a9250689ed795fa709523059,1973-05-14T14:49:29.101Z,51,2011-10-16T06:41:57.362Z,13,AVS,756.7400.5266.51,https://randomuser.me/api/portraits/men/69.jpg,https://randomuser.me/api/portraits/med/men/69.jpg,https://randomuser.me/api/portraits/thumb/men/69.jpg
female,laura.watts@example.com,011-529-9227,081-647-2030,IE,Ms,Laura,Watts,"{'number': 6036, 'name': 'Jones Road'}",Longford,Meath,Ireland,80351,"{'latitude': '3.4040', 'longitude': '104.3029'}","{'offset': '+9:30', 'description': 'Adelaide, Darwin'}",9fce959a-ccad-4b6d-86e8-76c10184ff44,orangekoala445,uptown,VQ2Tx3HA,3b820df90535f20df82b1ef6da815036,9ab31ebc0fd6836e71e900fd9d3044bdefce6d71,38710e54439eebaa2cf16b7feef472e29ccda16debb29613aa3de7d35bcde09a,1990-08-22T21:55:31.756Z,34,2003-08-17T23:49:25.504Z,21,PPS,0475936T,https://randomuser.me/api/portraits/women/2.jpg,https://randomuser.me/api/portraits/med/women/2.jpg,https://randomuser.me/api/portraits/thumb/women/2.jpg
female,cristina.glas@example.com,0839-1569485,0171-5177840,DE,Mrs,Cristina,Glas,"{'number': 1601, 'name': 'Gartenweg'}",Meppen,Niedersachsen,Germany,60610,"{'latitude': '-50.0979', 'longitude': '149.0882'}","{'offset': '+4:00', 'description': 'Abu Dhabi, Muscat, Baku, Tbilisi'}",33692588-82d7-409e-8808-f7a6fd5f29ae,orangezebra539,1024,jYDcJ5dH,10a43bcd71c13870796b0304bda97bf0,8f6fe4ebc304ccd8af6803cb3a0ff5eb5f006dba,195cf60c23646f7d9e38df10eee2b6d2d1ad9f1cd713c1e442481b89e36463a8,1982-03-26T23:03:24.202Z,42,2010-04-19T09:57:46.675Z,14,SVNR,25 260382 G 861,https://randomuser.me/api/portraits/women/91.jpg,https://randomuser.me/api/portraits/med/women/91.jpg,https://randomuser.me/api/portraits/thumb/women/91.jpg
male,quinn.williams@example.com,(717)-024-6731,(160)-840-0154,NZ,Mr,Quinn,Williams,"{'number': 7805, 'name': 'Great North Road'}",Gisborne,Wellington,New Zealand,24082,"{'latitude': '54.7933', 'longitude': '-104.8435'}","{'offset': '+9:30', 'description': 'Adelaide, Darwin'}",deec52e2-a45a-470a-ac96-fd68c2b036ac,organicgorilla991,roberto,QswPDdN5,022676b069bd1b0eaace5052a1e8f46b,bbd09bac8f946017cea174c11c7382875adce661,5114ae9fbb9825bcb0db8fef3596f59d8509db787957ccaf4c523cbc252fead6,1991-07-25T20:52:06.633Z,33,2010-01-05T20:14:59.738Z,15,,,https://randomuser.me/api/portraits/men/52.jpg,https://randomuser.me/api/portraits/med/men/52.jpg,https://randomuser.me/api/portraits/thumb/men/52.jpg
female,alette.holta@example.com,62156448,91241462,NO,Miss,Alette,Holta,"{'number': 7431, 'name': 'Axel Huitfeldts vei'}",Vigrestad,Troms - Romsa,Norway,1466,"{'latitude': '44.3289', 'longitude': '86.1466'}","{'offset': '-10:00', 'description': 'Hawaii'}",0521b0ed-a12d-446f-bc27-b880d9428a67,heavypanda579,brewster,fk3qA7nX,cd909c6801ef20aa9260e85c4f4c995c,216216f2ec684c10c8584566cedc6b6cf7bf113a,a37a700b130ed2f40826bfc08aca6e374c61a95c5ace635708a30b649e5fac62,1974-01-05T01:07:10.478Z,51,2003-05-11T10:32:10.771Z,21,FN,05017402805,https://randomuser.me/api/portraits/women/79.jpg,https://randomuser.me/api/portraits/med/women/79.jpg,https://randomuser.me/api/portraits/thumb/women/79.jpg
female,milla.ensrud@example.com,89889889,91362027,NO,Mrs,Milla,Ensrud,"{'number': 9264, 'name': 'Brugata'}",Tofte,Oslo,Norway,2164,"{'latitude': '40.4683', 'longitude': '150.2461'}","{'offset': '-3:30', 'description': 'Newfoundland'}",b285e1d9-0067-4d69-8dbe-de8e0efedecd,tinysnake928,pippin,bAB3yKa2,edb47877188815810280deee7e2fc7f6,c99a8c83625786680701db61c9735a331454b15c,8bf17faa0a3798c5d726fa881fa8d6a02d59d33fdb3c9bda5567862477303761,1975-11-09T03:03:31.020Z,49,2020-08-29T02:22:44.816Z,4,FN,09117529077,https://randomuser.me/api/portraits/women/5.jpg,https://randomuser.me/api/portraits/med/women/5.jpg,https://randomuser.me/api/portraits/thumb/women/5.jpg
male,douglas.campbell@example.com,015242 54659,07421 213413,GB,Mr,Douglas,Campbell,"{'number': 9999, 'name': 'Richmond Road'}",Plymouth,Derbyshire,United Kingdom,V7 3DW,"{'latitude': '-7.1743', 'longitude': '-10.0353'}","{'offset': '+3:00', 'description': 'Baghdad, Riyadh, Moscow, St. Petersburg'}",418fba46-a55f-4577-8473-4287b462ba29,lazyelephant375,devo,Oxw8vCDX,257aa435042013a7202131e5b1dc4aea,882d2636e6433e21c5935e0c6675b152698afb8e,1ae95cebfdab8553d195df5c61aa91fb7d11c6bb109be392c9f4fc2c9c2a7046,1952-11-22T16:45:31.241Z,72,2013-03-01T04:55:59.474Z,12,NINO,KH 16 71 22 L,https://randomuser.me/api/portraits/men/44.jpg,https://randomuser.me/api/portraits/med/men/44.jpg,https://randomuser.me/api/portraits/thumb/men/44.jpg
female,mestan.ozansoy@example.com,(623)-855-2029,(501)-085-3974,TR,Miss,Mestan,Ozansoy,"{'number': 5485, 'name': 'Bağdat Cd'}",Tokat,İstanbul,Turkey,90243,"{'latitude': '64.4764', 'longitude': '124.5351'}","{'offset': '+11:00', 'description': 'Magadan, Solomon Islands, New Caledonia'}",9a4f8db6-e875-4ca5-a5c8-062aaa36d993,lazybear451,scorpio1,HDuWQxkx,504e7d6461d7d7579033adbd59e6fde4,013c1728dac1db970fbdcf904fe50fac0b5bc2e8,53b8a21b0cae093f9b0c8ea0a876941315fa09cb41da048c020d83a549857417,1955-01-23T15:32:30.545Z,70,2014-11-11T17:36:57.055Z,10,,,https://randomuser.me/api/portraits/women/63.jpg,https://randomuser.me/api/portraits/med/women/63.jpg,https://randomuser.me/api/portraits/thumb/women/63.jpg
female,jill.rose@example.com,03-1013-6346,0477-894-249,AU,Ms,Jill,Rose,"{'number': 5076, 'name': 'Samaritan Dr'}",Hervey Bay,Queensland,Australia,3864,"{'latitude': '-83.6503', 'longitude': '118.9360'}","{'offset': '-8:00', 'description': 'Pacific Time (US & Canada)'}",7ca28b77-2f4a-40e9-8604-3084a51125a4,crazyelephant153,525252,8sPa6KHz,1343cb29f76dede52c037a22f3ff3383,d710ea6ccf1d96a20fd316c2d18ecc90f070e166,513044c225438e7e8a0bfa1f2bb06c678eed5eddd5622e0c04e4e79647777060,1975-08-01T16:50:56.461Z,49,2007-06-07T05:32:39.302Z,17,TFN,860268315,https://randomuser.me/api/portraits/women/61.jpg,https://randomuser.me/api/portraits/med/women/61.jpg,https://randomuser.me/api/portraits/thumb/women/61.jpg
male,batur.adivar@example.com,(964)-179-9586,(029)-781-1805,TR,Mr,Batur,Adıvar,"{'number': 6566, 'name': 'Necatibey Cd'}",Şırnak,Kırklareli,Turkey,20041,"{'latitude': '72.0525', 'longitude': '-33.0337'}","{'offset': '-3:30', 'description': 'Newfoundland'}",104a8e71-14d6-4e43-90a6-d5d3fa72cef9,redgorilla835,2580,hq1y6rmv,66f545a9240a20c00c070ef3a02f1c40,ae76a3a1b95f4eb9d7084bde0bfe1e96b365c72c,965fbc4fad138b150a622324fe2774fb88a008a4adbb10d725c769a4bb97e4c2,1963-11-05T04:54:39.330Z,61,2019-08-28T08:03:58.820Z,5,,,https://randomuser.me/api/portraits/men/23.jpg,https://randomuser.me/api/portraits/med/men/23.jpg,https://randomuser.me/api/portraits/thumb/men/23.jpg
male,bogdan.gorlach@example.com,(067) P47-1418,(098) J20-9268,UA,Mr,Bogdan,Gorlach,"{'number': 3519, 'name': 'Zaporizka ploshcha'}",Pologi,Hersonska,Ukraine,43617,"{'latitude': '79.8001', 'longitude': '-97.1384'}","{'offset': '-7:00', 'description': 'Mountain Time (US & Canada)'}",13255bd5-29d0-4cb5-8759-4d41396b262e,goldenmeercat334,jingle,jK3cXRur,8549f05a54423ad951c7a1b93adef631,decfa3c79dfd02618b80cee87e32e316db0ab124,e1cdfb6bbd5c0ba8311fa1aabcccb0bfcbcf06ea834f89371c164d0e36ea0bf9,1993-01-02T23:57:09.114Z,32,2008-07-04T03:23:03.817Z,16,,,https://randomuser.me/api/portraits/men/10.jpg,https://randomuser.me/api/portraits/med/men/10.jpg,https://randomuser.me/api/portraits/thumb/men/10.jpg
female,ella.thomas@example.com,0956-7523002,0175-2425686,DE,Ms,Ella,Thomas,"{'number': 5499, 'name': 'Neue Straße'}",Löbau-Zittau,Rheinland-Pfalz,Germany,62440,"{'latitude': '-53.5021', 'longitude': '147.0316'}","{'offset': '-9:00', 'description': 'Alaska'}",4ec18b8a-99d9-4d85-8934-d76a0e8ab935,brownsnake519,catwoman,KZJ2GwaK,e74d5b26054134d971b56baf5dd0f13f,2de5b23f8e0c8c8a41576bc5a55336cd3def67e4,2f256be2424b0eb7c4367d0fc8ab11d2bd04ccf21214ef840b1a13276ea26cd0,1968-05-12T01:33:09.604Z,56,2015-07-27T19:19:13.342Z,9,SVNR,82 110568 T 516,https://randomuser.me/api/portraits/women/6.jpg,https://randomuser.me/api/portraits/med/women/6.jpg,https://randomuser.me/api/portraits/thumb/women/6.jpg
female,begum.dogan@example.com,(179)-238-9726,(082)-735-4175,TR,Ms,Begüm,Doğan,"{'number': 1181, 'name': 'Kushimoto Sk'}",Samsun,Bingöl,Turkey,10024,"{'latitude': '72.1724', 'longitude': '82.8327'}","{'offset': '-12:00', 'description': 'Eniwetok, Kwajalein'}",24b013a2-0739-49c6-8563-80d2e2cf45de,brownlion132,hallie,CmLJYzdt,2e35c2060b26f09047eb767451acb34f,1559650daa8b67d04d0a1ae3f2702c344f790053,0c3653b9eae91cefc380b7b7691d68dcce768b6ed11f2581e6dc89a71d90b51e,1994-03-17T00:49:06.841Z,30,2005-09-23T13:28:55.399Z,19,,,https://randomuser.me/api/portraits/women/85.jpg,https://randomuser.me/api/portraits/med/women/85.jpg,https://randomuser.me/api/portraits/thumb/women/85.jpg
male,beau.hughes@example.com,(687)-586-3178,(182)-697-6564,NZ,Mr,Beau,Hughes,"{'number': 6322, 'name': 'Elizabeth Street'}",New Plymouth,Hawke'S Bay,New Zealand,76974,"{'latitude': '54.1482', 'longitude': '-122.8550'}","{'offset': '+5:00', 'description': 'Ekaterinburg, Islamabad, Karachi, Tashkent'}",24aa394b-ae62-4f98-bda0-abc5adb8da52,redbear681,speakers,M5yj8KFD,6e1463477a126d042097122eb3e19c59,9ecd555708dcb96de04509453103402244940429,f9983893a5cee808d062174dae79f899267c5925aa2a6780cdedbffe292e75d1,1985-10-06T16:25:39.560Z,39,2017-06-19T15:39:59.262Z,7,,,https://randomuser.me/api/portraits/men/37.jpg,https://randomuser.me/api/portraits/med/men/37.jpg,https://randomuser.me/api/portraits/thumb/men/37.jpg
male,vladislav.pantic@example.com,013-4894-795,066-5180-002,RS,Mr,Vladislav,Pantić,"{'number': 4871, 'name': 'Milete Cerovca'}",Bajina Bašta,West Bačka,Serbia,52348,"{'latitude': '60.0988', 'longitude': '-120.6726'}","{'offset': '+5:45', 'description': 'Kathmandu'}",e7c781f7-e3dc-4184-bc4e-3407457df7ce,crazywolf284,runner,4oZXhIrC,4a2e7062e0d7630c9fda279001a91991,421f762d665f371013055d665ceb891a0c4b34e3,d2b3ff081b0a44c452c622a2cd2284ccb009ccff5725a7ec1d5ea78d79197505,1959-11-14T02:15:06.653Z,65,2003-03-02T18:21:29.348Z,22,SID,601063481,https://randomuser.me/api/portraits/men/43.jpg,https://randomuser.me/api/portraits/med/men/43.jpg,https://randomuser.me/api/portraits/thumb/men/43.jpg
male,antonio.lemus@example.com,(661) 137 8352,(637) 774 6412,MX,Mr,Antonio,Lemus,"{'number': 6550, 'name': 'Peatonal del Río'}",Metlaltoyuca,Chiapas,Mexico,56452,"{'latitude': '26.9778', 'longitude': '-148.5318'}","{'offset': '+9:30', 'description': 'Adelaide, Darwin'}",17eab728-a388-47ae-99f3-25e1b125bd68,yellowelephant251,momo,OlHHCO4L,9fc475aa1d227fc839c40f8e83d33914,d5393229248711fb120a46e2166224fac45bcb2b,2ae0469ca5733594bfda0301c938fc7be584312b661ff7cb1698997889c84258,1964-01-26T18:45:41.004Z,61,2021-02-11T02:23:24.940Z,4,NSS,15 73 53 6080 9,https://randomuser.me/api/portraits/men/6.jpg,https://randomuser.me/api/portraits/med/men/6.jpg,https://randomuser.me/api/portraits/thumb/men/6.jpg
female,wilma.lawson@example.com,03-5496-0779,0449-803-278,AU,Miss,Wilma,Lawson,"{'number': 9823, 'name': 'Mcclellan Rd'}",Adelaide,Victoria,Australia,7413,"{'latitude': '-81.8684', 'longitude': '8.5277'}","{'offset': '+8:00', 'description': 'Beijing, Perth, Singapore, Hong Kong'}",f80df70c-210c-42e4-9974-058f0686fa0b,crazybird383,john316,gdXl3rLI,8611ac616574c198349647bf7738faaa,a0d1bf964b8c701e9c6ef77d5a6464af35105c3c,daa5925a7e6395e66574546fe81147944faf5605750300ab31de914fdf115cab,1973-05-06T01:22:17.876Z,51,2021-11-14T07:18:07.454Z,3,TFN,250394102,https://randomuser.me/api/portraits/women/0.jpg,https://randomuser.me/api/portraits/med/women/0.jpg,https://randomuser.me/api/portraits/thumb/women/0.jpg
male,christian.long@example.com,(918) 291-4558,(821) 318-7038,US,Mr,Christian,Long,"{'number': 9989, 'name': 'Frances Ct'}",Iowa Park,Hawaii,United States,10525,"{'latitude': '84.3203', 'longitude': '-22.5055'}","{'offset': '+9:30', 'description': 'Adelaide, Darwin'}",28ef4630-9d8d-400a-a147-839de2c1f268,crazyladybug569,anaconda,M2F1acQl,2c45fcb0c2026edc6c28a6b6c18f8431,fd7d1157668c3d11cd999046d4a0f72e8d5e5932,28ff2625eef74ab7834a5495910528758ee6e70f246d50778abacc153478b227,1956-10-15T09:52:52.233Z,68,2013-10-23T06:17:14.121Z,11,SSN,824-31-1211,https://randomuser.me/api/portraits/men/84.jpg,https://randomuser.me/api/portraits/med/men/84.jpg,https://randomuser.me/api/portraits/thumb/men/84.jpg
male,mitesh.mugeraya@example.com,9998886850,8636764726,IN,Mr,Mitesh,Mugeraya,"{'number': 4943, 'name': 'Mall Rd'}",Raurkela Industrial Township,Rajasthan,India,47009,"{'latitude': '10.1913', 'longitude': '-179.4234'}","{'offset': '+7:00', 'description': 'Bangkok, Hanoi, Jakarta'}",98d77cd6-c9b7-4c08-bb8f-943eafeded9e,orangezebra625,redfish,VMTDYcHU,91124b67aed9b465043c1c9c1c8265c3,8e57a67fb3ff0bcebc5c1ea51099c0187b38050a,fcd6a101e87792e720e8a0b9fb1eb88c7b362aa0e48f174107fa0fa234a046b7,1960-10-02T23:51:56.893Z,64,2006-12-30T14:40:12.345Z,18,UIDAI,868589915283,https://randomuser.me/api/portraits/men/93.jpg,https://randomuser.me/api/portraits/med/men/93.jpg,https://randomuser.me/api/portraits/thumb/men/93.jpg
female,olga.spanovic@example.com,037-5943-539,064-9944-352,RS,Ms,Olga,Španović,"{'number': 808, 'name': 'Filipa Hristića '}",Nova Crnja,Moravica,Serbia,70444,"{'latitude': '60.9941', 'longitude': '20.6651'}","{'offset': '-3:30', 'description': 'Newfoundland'}",abd51485-aeb4-48b2-98b7-83c0fec8f748,heavyleopard300,redbaron,4RrIQktF,e5cb90affd2efe908e179543114d3fec,333f5dfd6b94485994360b360861d1584a361e7f,297f78c2c650587e7319b12f8766c04796c02f3c863181fd2c868ba4bf24279f,1989-11-15T20:57:59.715Z,35,2002-07-24T06:05:54.365Z,22,SID,572940806,https://randomuser.me/api/portraits/women/95.jpg,https://randomuser.me/api/portraits/med/women/95.jpg,https://randomuser.me/api/portraits/thumb/women/95.jpg
female,marjorie.grant@example.com,01-7843-0428,0445-690-261,AU,Miss,Marjorie,Grant,"{'number': 3155, 'name': 'Smokey Ln'}",Toowoomba,Western Australia,Australia,6593,"{'latitude': '-87.0316', 'longitude': '18.9058'}","{'offset': '-3:00', 'description': 'Brazil, Buenos Aires, Georgetown'}",a5355cde-da34-4287-9318-d328c3bd6517,lazysnake320,baritone,PoqiHCwn,42369152f79632920bac83fa467e331d,b8f076e870fcda7eba57fc3a9a58f61807748141,2831d1371e7d8d1c3a83341d7a931d338b85b29f809737fe917e24597061d954,1953-11-25T14:11:22.247Z,71,2012-10-15T22:28:55.822Z,12,TFN,226498810,https://randomuser.me/api/portraits/women/73.jpg,https://randomuser.me/api/portraits/med/women/73.jpg,https://randomuser.me/api/portraits/thumb/women/73.jpg
male,wilfrido.oquendo@example.com,(694) 019 9534,(618) 655 7005,MX,Mr,Wilfrido,Oquendo,"{'number': 4916, 'name': 'Pasaje Quesada'}",San Diego de Alejandría,Michoacan,Mexico,62519,"{'latitude': '21.9705', 'longitude': '-85.0476'}","{'offset': '+9:00', 'description': 'Tokyo, Seoul, Osaka, Sapporo, Yakutsk'}",fae7aa79-c856-4fe6-a1ab-b070f711ff86,redpeacock737,ajax,XIwB05xk,83109d0ae16ca88b71e3022632b59bf4,1777e68c94e0906d75972936a04c033a6ad9156d,00c4d933bb6d977d64c7d13005f5cece546206489f5a16e4d93a2a532b165997,1946-12-22T22:31:19.403Z,78,2011-01-21T15:42:20.040Z,14,NSS,60 85 38 3746 4,https://randomuser.me/api/portraits/men/0.jpg,https://randomuser.me/api/portraits/med/men/0.jpg,https://randomuser.me/api/portraits/thumb/men/0.jpg
male,rahul.saha@example.com,7436936606,8750156263,IN,Mr,Rahul,Saha,"{'number': 1731, 'name': 'Tank Bund Rd'}",Mysore,Delhi,India,58734,"{'latitude': '4.7834', 'longitude': '-69.6966'}","{'offset': '+5:45', 'description': 'Kathmandu'}",bcb2fa48-bcf3-4449-b372-214b475af5aa,heavycat216,buzzer,RV0osqJS,d66ee29ae80e51366f1455d764bcbb79,1fbef527acf1b4e80f385787ae7fb91b50f02f7b,d97450f76bd150293874f0711245f215ffecf959a39c2bc9d84ef33ee201dc34,1948-07-13T07:16:40.354Z,76,2008-04-24T12:16:15.744Z,16,UIDAI,697465280565,https://randomuser.me/api/portraits/men/73.jpg,https://randomuser.me/api/portraits/med/men/73.jpg,https://randomuser.me/api/portraits/thumb/men/73.jpg
female,ladina.duval@example.com,078 179 05 19,076 446 65 78,CH,Mademoiselle,Ladina,Duval,"{'number': 625, 'name': 'Rue Dubois'}",Filisur,Graubünden,Switzerland,5425,"{'latitude': '-58.0803', 'longitude': '159.7930'}","{'offset': '-11:00', 'description': 'Midway Island, Samoa'}",84110d45-596b-4782-ba8b-b9ce547a3cf0,sadpeacock614,killers,JyTCHk9Q,e961e6474c24cbbc922b39044f3e5dae,dc3486b401a33ce29379bf25184d92f485527ff9,8fefe8ab0d6680b3a9b62e2541c951de8882a53e1a65514709915c72d5f1f9b7,1990-09-15T07:55:27.018Z,34,2020-12-01T02:48:14.275Z,4,AVS,756.3923.8693.06,https://randomuser.me/api/portraits/women/31.jpg,https://randomuser.me/api/portraits/med/women/31.jpg,https://randomuser.me/api/portraits/thumb/women/31.jpg
male,jack.white@example.com,W05 I26-7428,U79 P87-0490,CA,Mr,Jack,White,"{'number': 3729, 'name': 'Grand Marais Ave'}",Shelbourne,British Columbia,Canada,H6X 0C6,"{'latitude': '-70.2082', 'longitude': '-62.1702'}","{'offset': '+7:00', 'description': 'Bangkok, Hanoi, Jakarta'}",6fd58b19-b268-418d-991b-81f8d0853ac7,bigpanda577,misty,SkAGeF2g,51979c2d8377855ada712bf7cdadd5ba,c227867faf4d5df14d50d45f66b2a65e74d12f8e,657500a0c527ab22d0c213f00f18d7e094b30c2acb4e1068e89ffbf2ea351906,1951-03-13T14:04:17.739Z,73,2021-04-30T01:33:25.577Z,3,SIN,329389183,https://randomuser.me/api/portraits/men/50.jpg,https://randomuser.me/api/portraits/med/men/50.jpg,https://randomuser.me/api/portraits/thumb/men/50.jpg
female,prny.qsmy@example.com,064-09831065,0904-686-3562,IR,Mrs,پرنیا,قاسمی,"{'number': 3696, 'name': 'بلوار کشاورز'}",بجنورد,مرکزی,Iran,79144,"{'latitude': '15.5250', 'longitude': '91.4547'}","{'offset': '+4:30', 'description': 'Kabul'}",d86a523a-c0fd-469e-a31a-1b7e5a60ec53,purplebutterfly734,absolut,b01yM55n,9f45b309a6c57ebf6ef74f14b862fc54,d43b4adc2121e424bb2c3b70dfb1058ba7c3c0d1,569b336639722a30993ebe790d9a7978579af11bc0087391d2968effe29c0ab5,1969-08-24T21:49:06.035Z,55,2021-01-25T09:18:44.125Z,4,,,https://randomuser.me/api/portraits/women/34.jpg,https://randomuser.me/api/portraits/med/women/34.jpg,https://randomuser.me/api/portraits/thumb/women/34.jpg
male,alexander.christensen@example.com,73910345,18783680,DK,Mr,Alexander,Christensen,"{'number': 8434, 'name': 'Tårsvej'}",Hirtsals,Nordjylland,Denmark,43169,"{'latitude': '-39.8512', 'longitude': '-141.2475'}","{'offset': '+4:00', 'description': 'Abu Dhabi, Muscat, Baku, Tbilisi'}",019de495-4802-40b6-804d-0a1ec5f30568,crazyswan135,1011,sGdidRzq,a13bce79dfc386a26bbe983d9ea66baa,c52751d9b70c86bce26ba18b5d3606d8b4bb8957,22fb10d2860e399416f41b7c71e4b8be15aec5177474a288c2d9b78f7c6dba86,1980-04-26T21:12:25.271Z,44,2004-09-21T20:22:23.439Z,20,CPR,260480-5439,https://randomuser.me/api/portraits/men/87.jpg,https://randomuser.me/api/portraits/med/men/87.jpg,https://randomuser.me/api/portraits/thumb/men/87.jpg
male,adan.tejada@example.com,(677) 819 1905,(636) 811 3789,MX,Mr,Adán,Tejada,"{'number': 2781, 'name': 'Circuito San Luis Potosí'}",El Sauz(Villaseñor),Sinaloa,Mexico,45809,"{'latitude': '21.9355', 'longitude': '-21.7936'}","{'offset': '-6:00', 'description': 'Central Time (US & Canada), Mexico City'}",0d3464c6-71ef-4522-95ba-6cbccce2f2f0,sadostrich485,edgar,Ce68uliY,fe0b1e653b49130417edac6cf86e8219,e0e24342124ac4c5903a0087ec5c74ae62dbc9a1,c3ddeb5ee8300f9922a6d9b0c8188822f6275bc478d446758f9c4c8374f1960f,1989-02-02T22:48:10.874Z,36,2017-03-01T15:46:53.574Z,8,NSS,85 71 71 7461 4,https://randomuser.me/api/portraits/men/76.jpg,https://randomuser.me/api/portraits/med/men/76.jpg,https://randomuser.me/api/portraits/thumb/men/76.jpg
female,lisette.caspari@example.com,0025-8111579,0170-0935523,DE,Miss,Lisette,Caspari,"{'number': 802, 'name': 'Kirchstraße'}",Torgelow,Brandenburg,Germany,78182,"{'latitude': '-48.5240', 'longitude': '83.6621'}","{'offset': '-3:30', 'description': 'Newfoundland'}",914518d3-c1eb-4635-afd0-1e3b5038c221,angrybird917,something,d3UAmv30,bf52fb4166d91e608b8e35f71dfbbe1e,f7b2712da691574ce2c384af6c873618b13d61d4,9b89cabffdc0a54888ff3d3aed15ab17bc60f472eebd8c7d9bd9741a3a4c417c,1956-04-15T18:58:18.179Z,68,2016-07-26T19:35:22.958Z,8,SVNR,26 150456 C 726,https://randomuser.me/api/portraits/women/30.jpg,https://randomuser.me/api/portraits/med/women/30.jpg,https://randomuser.me/api/portraits/thumb/women/30.jpg
female,jennifer.mills@example.com,011-009-9840,081-198-7731,IE,Miss,Jennifer,Mills,"{'number': 5606, 'name': 'North Road'}",Swords,Dublin City,Ireland,64932,"{'latitude': '0.6943', 'longitude': '9.0576'}","{'offset': '+4:30', 'description': 'Kabul'}",793a87d3-97e7-41fb-ac86-5ef67011ffd6,greenfrog940,kordell1,C4Df8QNV,a9526454e72b95edb86bc16151c5ee3f,ca25ce2bab953f5c36212bbc21586a2f25b52344,636e86b23592edb84dba7afc3ee508af91067bbd23c4f30498e34859489d977d,2000-09-14T02:02:11.530Z,24,2010-07-06T11:53:19.514Z,14,PPS,2038229T,https://randomuser.me/api/portraits/women/44.jpg,https://randomuser.me/api/portraits/med/women/44.jpg,https://randomuser.me/api/portraits/thumb/women/44.jpg
male,cedomir.tomasevic@example.com,010-7224-171,067-5690-761,RS,Mr,Čedomir,Tomašević,"{'number': 8048, 'name': 'Radnička'}",Kučevo,Podunavlje,Serbia,30415,"{'latitude': '59.3193', 'longitude': '-156.3016'}","{'offset': '+3:30', 'description': 'Tehran'}",2d9cb683-ba33-45bb-b1e8-d9db30b3471b,whiteleopard849,abc123,UNnnwQTn,7a9fcb7ff9433e0f6ddcc2999a1125af,e3dd509febff091287c3a34058ab49d5ad47cb40,875bb83a3e71d4f7cd6711dd9ff36b46bfb03b920094a53965c2abf084d4570e,1977-07-06T21:19:54.177Z,47,2019-03-31T04:34:39.986Z,5,SID,829850216,https://randomuser.me/api/portraits/men/70.jpg,https://randomuser.me/api/portraits/med/men/70.jpg,https://randomuser.me/api/portraits/thumb/men/70.jpg
male,dominic.wiemann@example.com,0041-4635651,0178-6096803,DE,Mr,Dominic,Wiemann,"{'number': 6418, 'name': 'Rosenstraße'}",Vöhringen,Rheinland-Pfalz,Germany,89088,"{'latitude': '-55.4469', 'longitude': '-137.9900'}","{'offset': '+7:00', 'description': 'Bangkok, Hanoi, Jakarta'}",3fdaceae-ff15-487f-982e-e6b10726b59a,blacktiger933,lovebug,78fwGB0w,f02d9a95fc41df28079cfbfccbfdc022,2b63eaf70b8e9c4e448e2a296d49ebc6869c6137,da58879ed77e64c8568d7fe54e760ee58633baf6c63f72a58b8e5ec6011b20d7,1966-07-02T08:51:04.090Z,58,2016-09-08T17:34:02.259Z,8,SVNR,20 020766 W 490,https://randomuser.me/api/portraits/men/6.jpg,https://randomuser.me/api/portraits/med/men/6.jpg,https://randomuser.me/api/portraits/thumb/men/6.jpg
female,lidija.drljaca@example.com,029-8731-741,067-0724-549,RS,Ms,Lidija,Drljača,"{'number': 4999, 'name': 'Trstenička Ulica'}",Krupanj,Zaječar,Serbia,46488,"{'latitude': '61.8393', 'longitude': '98.9067'}","{'offset': '-10:00', 'description': 'Hawaii'}",62d17d5f-6e80-4402-ad34-508056fdc62c,crazygoose105,comedy,5Gdraj61,2d123d2207a17d51cada1d6f19498735,dfea5b49cddf53977dbe8fbae4e81433e9da96ef,88914f1860c8fd51b90f943a88cb89a11ec0863bebea69d386aa4ae92ba3bede,1973-02-03T22:47:55.541Z,52,2003-06-22T12:35:45.386Z,21,SID,461033979,https://randomuser.me/api/portraits/women/31.jpg,https://randomuser.me/api/portraits/med/women/31.jpg,https://randomuser.me/api/portraits/thumb/women/31.jpg
female,sedef.sinanoglu@example.com,(674)-177-1974,(703)-021-8456,TR,Ms,Sedef,Sinanoğlu,"{'number': 4462, 'name': 'Mevlana Cd'}",Bitlis,Erzincan,Turkey,35956,"{'latitude': '68.6989', 'longitude': '14.8161'}","{'offset': '+9:00', 'description': 'Tokyo, Seoul, Osaka, Sapporo, Yakutsk'}",ebde7e24-47fe-4213-8cf6-d90efab71bc2,happysnake641,wowwow,B84kfmWV,59b23f23a902db25b2f218ca19a1e451,9b377a5c93ab835a31bfb8a9e013397ddfa7aeb9,0c13bc3e07d3a31f93db76d68bf3cca30de4adea7b55a2611cdc9641cb1e39fb,1945-05-23T22:32:54.009Z,79,2020-11-11T18:15:42.439Z,4,,,https://randomuser.me/api/portraits/women/91.jpg,https://randomuser.me/api/portraits/med/women/91.jpg,https://randomuser.me/api/portraits/thumb/women/91.jpg
female,eleah.saetran@example.com,62147451,41853379,NO,Ms,Eleah,Sætran,"{'number': 4353, 'name': 'Framnes terrasse'}",Aksdal,Sogn og Fjordane,Norway,3430,"{'latitude': '46.5166', 'longitude': '97.2133'}","{'offset': '+4:30', 'description': 'Kabul'}",3dba630a-e2fc-4b33-abc8-7b1549327c78,orangeladybug733,sabbath,i7URlm5T,d0fb10cad3bbbec920921e914e499066,7c812965054b98eb9a91c30807ab4e76f45f3aed,6a7156e130166790e7d1b15bf71a544c0be5cbabe1f1646e58d93752de03d67a,1950-02-18T09:55:31.658Z,75,2009-01-10T06:12:17.963Z,16,FN,18025012492,https://randomuser.me/api/portraits/women/29.jpg,https://randomuser.me/api/portraits/med/women/29.jpg,https://randomuser.me/api/portraits/thumb/women/29.jpg
female,iiris.wiitala@example.com,08-313-470,043-720-58-41,FI,Mrs,Iiris,Wiitala,"{'number': 2910, 'name': 'Rautatienkatu'}",Tammela,Åland,Finland,35475,"{'latitude': '-26.5751', 'longitude': '36.7219'}","{'offset': '-2:00', 'description': 'Mid-Atlantic'}",6f964adf-4bf9-471f-8e6f-69e0ac5256b0,whitegoose614,graves,S7IDh8s5,43046fec65891b22a7aad3cb460bfce8,b583cbc2c223f54ad3731ebe7bba408be9ff4a6b,3b2cf639d861c9d546a1378cf5d512f43856807caac90aa42a93950a8de3ffb5,1996-04-27T18:59:43.674Z,28,2002-04-29T13:45:04.141Z,22,HETU,NaNNA898undefined,https://randomuser.me/api/portraits/women/61.jpg,https://randomuser.me/api/portraits/med/women/61.jpg,https://randomuser.me/api/portraits/thumb/women/61.jpg
male,liam.ray@example.com,02-3311-7811,0466-466-543,AU,Mr,Liam,Ray,"{'number': 9809, 'name': 'Prospect Rd'}",Maitland,Western Australia,Australia,4296,"{'latitude': '-87.0781', 'longitude': '-20.4113'}","{'offset': '+6:00', 'description': 'Almaty, Dhaka, Colombo'}",abcfa8f4-93a5-4fff-bd48-97e345622bd1,crazyleopard625,sinclair,KmPu9990,863463a460324e1df3988cb03ec94ae9,dfeee3eb6a675704c667e7ad70782bbe9b9e9278,f1d92c6d60f9f62079b12516070fde58928df2a7f7b1d4988df89117408dbca6,1969-12-30T11:21:47.601Z,55,2020-09-17T03:28:07.227Z,4,TFN,691616296,https://randomuser.me/api/portraits/men/18.jpg,https://randomuser.me/api/portraits/med/men/18.jpg,https://randomuser.me/api/portraits/thumb/men/18.jpg
female,jenny.reyes@example.com,041-891-8789,081-237-9237,IE,Ms,Jenny,Reyes,"{'number': 7474, 'name': 'The Crescent'}",Galway,Offaly,Ireland,40569,"{'latitude': '2.5240', 'longitude': '125.5322'}","{'offset': '-10:00', 'description': 'Hawaii'}",7ce1bd6b-56fb-4c98-8cbe-177258ef1ebd,tinybird533,qwerty,A8SUKIcU,88f6212ef025c1577ebd39dbddfeb8b1,00aa99a526f4e33e85185f4cbb59a185d5fb7da1,ba211c61e9d7a0461485a9859d665d4b2961d1e3f29fcbb325e368f494136781,1972-02-18T23:11:55.661Z,53,2005-10-16T12:40:51.214Z,19,PPS,3261996T,https://randomuser.me/api/portraits/women/31.jpg,https://randomuser.me/api/portraits/med/women/31.jpg,https://randomuser.me/api/portraits/thumb/women/31.jpg
female,rita.day@example.com,(375) 660-7473,(795) 642-0754,US,Mrs,Rita,Day,"{'number': 452, 'name': 'Valley View Ln'}",Pearland,Utah,United States,40661,"{'latitude': '82.8909', 'longitude': '57.7136'}","{'offset': '-4:00', 'description': 'Atlantic Time (Canada), Caracas, La Paz'}",c3640dae-501d-4f85-b34a-3d2982b89a1b,redduck846,cong,bf20Gulm,2dfee7cd1ecfbb420f1ea8285ed80c0b,113ada625fea56b22adb1a3eddf7fd9afdb3c275,62c1952eb9eafc514956022dbcebd8b0db73bec4e75d8ae16b72d169a03c8246,1952-04-11T19:53:41.688Z,72,2014-04-06T10:35:57.817Z,10,SSN,475-91-0970,https://randomuser.me/api/portraits/women/51.jpg,https://randomuser.me/api/portraits/med/women/51.jpg,https://randomuser.me/api/portraits/thumb/women/51.jpg
female,lilje.skinnes@example.com,35119355,99678490,NO,Mrs,Lilje,Skinnes,"{'number': 8482, 'name': 'Duehaugveien'}",Konglungen,Telemark,Norway,1304,"{'latitude': '43.1220', 'longitude': '175.5827'}","{'offset': '+5:30', 'description': 'Bombay, Calcutta, Madras, New Delhi'}",8cabd26c-a117-4f38-959b-1a4fd4822e58,sadbutterfly694,merlin,gfE0nHZt,c53b99e7d62662b575743df6bd977bbb,190dc7b517609d64788974112451a99bfcab9258,4316d39d4ef13fe9f0feac6e013fe929f37f5651851c48a46c3440d39fa326fd,1961-07-08T19:06:44.500Z,63,2021-04-28T00:29:33.847Z,3,FN,08076130869,https://randomuser.me/api/portraits/women/84.jpg,https://randomuser.me/api/portraits/med/women/84.jpg,https://randomuser.me/api/portraits/thumb/women/84.jpg
male,leroy.barnett@example.com,015396 55501,07221 462166,GB,Mr,Leroy,Barnett,"{'number': 592, 'name': 'Park Lane'}",Lichfield,Bedfordshire,United Kingdom,IX70 7XA,"{'latitude': '-12.0431', 'longitude': '-85.0184'}","{'offset': '+6:00', 'description': 'Almaty, Dhaka, Colombo'}",90c09703-9310-4fb4-a6c9-360c40011369,silvermeercat309,glow,Koga0SpP,610f7bb9a0d42a8c3e7d3f500ed048c6,dc36aebcabebe827877e290b2b83dbcb94a87d63,f703c0ec620c069e998a7d7c572d04623142b12409b759341a71c7b441bdccf3,1967-08-23T10:20:05.457Z,57,2002-12-07T21:23:24.227Z,22,NINO,HL 68 43 05 Y,https://randomuser.me/api/portraits/men/80.jpg,https://randomuser.me/api/portraits/med/men/80.jpg,https://randomuser.me/api/portraits/thumb/men/80.jpg
male,samir.philippe@example.com,079 872 98 84,079 096 89 53,CH,Monsieur,Samir,Philippe,"{'number': 1294, 'name': 'Place du 22 Novembre 1943'}",Anniviers,Vaud,Switzerland,1065,"{'latitude': '-56.5279', 'longitude': '-60.8906'}","{'offset': '-11:00', 'description': 'Midway Island, Samoa'}",dc0240ee-3c69-4041-8efa-37e80fdb3edd,yellowmouse320,sydney,nXxJbtgH,9c056e5f3e3153e9cf9146f5240bb436,bc100058a6e91d3b16e21013faedc1d7154a97c7,82f7ecabf3a0985c7b45c42382d66a8e9f1cee14e51ec8f8bb20b5f537ea4aec,1970-04-14T18:32:44.086Z,54,2020-07-26T11:20:48.845Z,4,AVS,756.8704.3891.85,https://randomuser.me/api/portraits/men/53.jpg,https://randomuser.me/api/portraits/med/men/53.jpg,https://randomuser.me/api/portraits/thumb/men/53.jpg
female,salome.richard@example.com,079 947 58 26,077 940 44 28,CH,Madame,Salome,Richard,"{'number': 9770, 'name': ""Rue de L'Abbé-Groult""}",Uster,Appenzell Innerrhoden,Switzerland,1442,"{'latitude': '-60.0027', 'longitude': '34.4212'}","{'offset': '+7:00', 'description': 'Bangkok, Hanoi, Jakarta'}",dd4cf8e1-cc5f-4809-8b15-47839b0ff7c8,greenfish521,asdf,Vt8FcKdT,9bfad2c8679b608fe2efaf222d5f4706,d8954a7a3fa97c7e38d38fa389588f73f587651b,00682eead49fea4370a92c7b4f2b1702bf8d31ed804ff1cbf49bd6a7ba447770,1976-02-22T05:40:59.844Z,49,2006-04-09T06:51:12.826Z,18,AVS,756.0076.0071.11,https://randomuser.me/api/portraits/women/59.jpg,https://randomuser.me/api/portraits/med/women/59.jpg,https://randomuser.me/api/portraits/thumb/women/59.jpg
male,dobrik.silenko@example.com,(067) W59-0255,(067) N14-5321,UA,Mr,Dobrik,Silenko,"{'number': 4139, 'name': 'Simirenka'}",Priluki,Vinnicka,Ukraine,65320,"{'latitude': '80.6687', 'longitude': '-171.0050'}","{'offset': '+3:30', 'description': 'Tehran'}",5c96db09-9109-4fc5-96f9-8e203d8e1488,yellowmouse579,greenbay,JgcJ8Xuv,1c8a29457c2d9edac0ffe139c864f266,d64c5e8d272fe44ac1fdc55185c677da81e512a6,37357f0521eb15d13b2376f72e2ae1453a698d2cd1d20ad4a1bcd4377fa654f3,1995-12-06T15:11:35.679Z,29,2004-12-27T05:13:57.884Z,20,,,https://randomuser.me/api/portraits/men/1.jpg,https://randomuser.me/api/portraits/med/men/1.jpg,https://randomuser.me/api/portraits/thumb/men/1.jpg
male,dominik.fleury@example.com,079 489 17 17,076 876 04 47,CH,Monsieur,Dominik,Fleury,"{'number': 4518, 'name': 'Quai Charles-De-Gaulle'}",Eggiwil,Zürich,Switzerland,2277,"{'latitude': '-60.9662', 'longitude': '-11.9063'}","{'offset': '+9:30', 'description': 'Adelaide, Darwin'}",34e754f2-bd00-4d9a-87ca-7fba2e7df2c2,silvermouse534,jabroni,RYca1KMc,f9b034223269014edee24424c8300f93,cc5e147bca755dd40d7529bc9ed7323319740212,05eca7082ed0a0a08bd9d50807a062a3c946192717b5d923a5344c36e41f068b,2000-03-13T05:30:26.325Z,24,2016-05-21T14:54:12.476Z,8,AVS,756.8783.6048.95,https://randomuser.me/api/portraits/men/63.jpg,https://randomuser.me/api/portraits/med/men/63.jpg,https://randomuser.me/api/portraits/thumb/men/63.jpg
female,cecilie.petersen@example.com,48603923,02835416,DK,Mrs,Cecilie,Petersen,"{'number': 5295, 'name': 'Åbakken'}",København Ø,Hovedstaden,Denmark,49346,"{'latitude': '-38.6133', 'longitude': '5.5216'}","{'offset': '+5:30', 'description': 'Bombay, Calcutta, Madras, New Delhi'}",2c6b8f73-6657-400c-a269-320a17d905e3,purpleduck215,hamlet,ztEcaVPi,c16f3b30eeb11a7f560ae7b14d1edddf,b81a6abe644689097916361d5aeebc4d9468a4a5,aad20536f0d276eefac90fa269e54c543e89327aa46770e2ab18a76b9b494fc0,1947-07-31T11:57:58.728Z,77,2015-05-07T04:22:26.561Z,9,CPR,310747-9202,https://randomuser.me/api/portraits/women/6.jpg,https://randomuser.me/api/portraits/med/women/6.jpg,https://randomuser.me/api/portraits/thumb/women/6.jpg
female,vilma.takala@example.com,09-288-687,045-433-79-06,FI,Miss,Vilma,Takala,"{'number': 3259, 'name': 'Reijolankatu'}",Oripää,Central Finland,Finland,60744,"{'latitude': '-26.4885', 'longitude': '46.0445'}","{'offset': '+9:00', 'description': 'Tokyo, Seoul, Osaka, Sapporo, Yakutsk'}",fe2e5b90-91dc-4d02-bdb0-c4978f3eeadb,beautifulrabbit329,pulsar,e1U2dlB1,6b1dea1a39929c9e9131fa82e20dd040,800cabd06ddcb081ee3c1a74c2e8437f38d2abf8,979477031f79c17ba3a5bbe218adca416bf8558ea05f400c1e298aac947d09a3,1977-03-26T15:50:45.537Z,47,2012-01-15T02:12:47.510Z,13,HETU,NaNNA280undefined,https://randomuser.me/api/portraits/women/51.jpg,https://randomuser.me/api/portraits/med/women/51.jpg,https://randomuser.me/api/portraits/thumb/women/51.jpg
male,gradimir.ruzhickiy@example.com,(096) A09-9579,(097) O03-7228,UA,Mr,Gradimir,Ruzhickiy,"{'number': 748, 'name': 'Rinkoviy provulok'}",Nemiriv,Harkivska,Ukraine,82109,"{'latitude': '78.1971', 'longitude': '-85.9356'}","{'offset': '-3:30', 'description': 'Newfoundland'}",4b51c9cc-104a-4926-b5fc-1976600fe9ce,whiterabbit162,excess,hbqOKly8,45ffa41795d27090ce6d5e4006898c2b,e20a9d1a4cc67115f7e24e195104dad9b6e1d6b8,7687045af040a3c5a26e5fa9d21a67a2e1a963961b36722e9a7fbf0954c26467,1978-03-29T06:14:04.633Z,46,2011-12-13T08:40:52.270Z,13,,,https://randomuser.me/api/portraits/men/41.jpg,https://randomuser.me/api/portraits/med/men/41.jpg,https://randomuser.me/api/portraits/thumb/men/41.jpg
female,prmys.hmdy@example.com,093-28169233,0970-647-0929,IR,Miss,پارمیس,احمدی,"{'number': 7238, 'name': 'پارک طالقانی'}",ساوه,ایلام,Iran,35450,"{'latitude': '17.0784', 'longitude': '64.7946'}","{'offset': '-6:00', 'description': 'Central Time (US & Canada), Mexico City'}",d033be82-448a-4cba-a931-7733bf54d2af,bigladybug532,catherine,rGOVSONL,a51b088ebee0bab21734c78535283b58,c1d9d28a125b5d42f6fe321105fd0466fa720ce1,e55692c9eeb9132fa72740c669b62fa68752ff1243949f7bc0274d60de1337c4,1958-03-25T09:14:40.525Z,66,2006-06-04T23:11:55.040Z,18,,,https://randomuser.me/api/portraits/women/67.jpg,https://randomuser.me/api/portraits/med/women/67.jpg,https://randomuser.me/api/portraits/thumb/women/67.jpg
male,adem.kilicci@example.com,(912)-376-5445,(904)-272-2488,TR,Mr,Adem,Kılıççı,"{'number': 599, 'name': 'Doktorlar Cd'}",Kırklareli,Van,Turkey,46102,"{'latitude': '70.9039', 'longitude': '-126.6916'}","{'offset': '+8:00', 'description': 'Beijing, Perth, Singapore, Hong Kong'}",18d027c6-d26e-4e17-bb92-1641e246ca96,organiccat165,qwerqwer,ZhA67fC0,dece6c8ee3339a694154b68d522577b8,788d3065c890c2084c3ca43b9697622c11d86a54,5fb4fb3a533b16e940fe44b0d5c8721818d0ad9d3d8dafbc3a433480cb409ce4,1968-06-02T14:51:20.118Z,56,2008-02-12T08:21:16.012Z,17,,,https://randomuser.me/api/portraits/men/6.jpg,https://randomuser.me/api/portraits/med/men/6.jpg,https://randomuser.me/api/portraits/thumb/men/6.jpg
male,baris.egeli@example.com,(140)-569-9154,(135)-523-3730,TR,Mr,Barış,Egeli,"{'number': 2280, 'name': 'Kushimoto Sk'}",Gaziantep,Konya,Turkey,52466,"{'latitude': '65.1896', 'longitude': '-111.6421'}","{'offset': '+9:30', 'description': 'Adelaide, Darwin'}",25e33587-3e0e-4285-8d9c-20de1609afe2,purplepeacock264,stan,m5a3lFwG,30a0d2fa1e3294d5279b4f000859d8dd,ba42cc60df6ec9157fce7e9e2513a63e5b6ada72,7e98d41f2f7b74d878b4281aec57f88bf413fa59615c2663384ed12ce6879db3,1947-07-14T21:05:04.228Z,77,2019-08-11T05:31:11.687Z,5,,,https://randomuser.me/api/portraits/men/93.jpg,https://randomuser.me/api/portraits/med/men/93.jpg,https://randomuser.me/api/portraits/thumb/men/93.jpg
female,nicoliene.hartog@example.com,(086) 8748877,(06) 90940290,NL,Miss,Nicoliene,Hartog,"{'number': 754, 'name': 'Het Wilgeroosje'}",Ankum,Drenthe,Netherlands,3772 UF,"{'latitude': '30.4115', 'longitude': '142.5093'}","{'offset': '+9:30', 'description': 'Adelaide, Darwin'}",b42e1b00-739a-4a59-9366-23f48dadc6dd,greencat317,helloo,lMQPwM1p,0c0296635d964b9d98c63329b4488602,a84ef9c9be021a1117949e29073221681eadeab6,52b1836ad080cd1e30540b6247f40768ca8245cf67b81ccc729d16abc39125fc,1999-09-08T10:37:28.812Z,25,2007-05-23T20:33:22.319Z,17,BSN,04013526,https://randomuser.me/api/portraits/women/51.jpg,https://randomuser.me/api/portraits/med/women/51.jpg,https://randomuser.me/api/portraits/thumb/women/51.jpg
male,stefan.shah@example.com,56831371,98769152,NO,Mr,Stefan,Shah,"{'number': 6319, 'name': 'Tullins gate'}",Tranby,Sogn og Fjordane,Norway,4536,"{'latitude': '46.9948', 'longitude': '-108.1406'}","{'offset': '+6:00', 'description': 'Almaty, Dhaka, Colombo'}",dbcaeda4-374f-4633-b8b7-7c917ad625b2,sadladybug496,liquid,pCt9AonT,6caaeaa53c94d39955e74ee8b9842294,c6e1413738fcee9c30670c725f17b33da3f136c3,87e3a6ebf471e1aff90580f1d4b1895b062df7b481ba438a76e0e6732919bdb4,1987-10-20T02:54:49.926Z,37,2014-02-23T17:47:55.904Z,11,FN,20108735199,https://randomuser.me/api/portraits/men/10.jpg,https://randomuser.me/api/portraits/med/men/10.jpg,https://randomuser.me/api/portraits/thumb/men/10.jpg
female,ninel.gurko@example.com,(096) F32-9555,(067) U63-2010,UA,Mrs,Ninel,Gurko,"{'number': 3590, 'name': 'Vodna'}",Mena,Harkivska,Ukraine,36602,"{'latitude': '79.0685', 'longitude': '117.3640'}","{'offset': '-7:00', 'description': 'Mountain Time (US & Canada)'}",9373528c-43ab-4ed8-858c-cd88e8353e98,smallrabbit877,lesbians,mOR52HFw,0d8d54491130a544ba65e6086d5c276d,f503a1e10e2330c93d8cc6a123e78588af2cc715,f69baba3a96da5e38b68a184faa100c324976e384df96b2618a15abce084323b,1974-08-25T02:12:25.253Z,50,2012-05-08T02:49:20.580Z,12,,,https://randomuser.me/api/portraits/women/90.jpg,https://randomuser.me/api/portraits/med/women/90.jpg,https://randomuser.me/api/portraits/thumb/women/90.jpg
male,benjamin.poulsen@example.com,59375609,85812016,DK,Mr,Benjamin,Poulsen,"{'number': 8244, 'name': 'Højvangen'}",Billum,Nordjylland,Denmark,83916,"{'latitude': '-39.5461', 'longitude': '-95.3049'}","{'offset': '+4:30', 'description': 'Kabul'}",2dad528d-5706-4750-85cf-f2549f5c891f,silverzebra991,faith1,wEdACvcW,3bee3debf4ccd1b78c34d1bcfb65a3dc,1426696e8bc16293823128476bb540336af3fa5b,f3bfba843b0fa20e49e888a4a6bf0698029e8bee78b0bfaf5777760ed27ecb2b,1955-02-11T04:38:59.882Z,70,2009-09-21T23:02:16.410Z,15,CPR,100255-0523,https://randomuser.me/api/portraits/men/26.jpg,https://randomuser.me/api/portraits/med/men/26.jpg,https://randomuser.me/api/portraits/thumb/men/26.jpg
female,tilde.hansen@example.com,26418563,92233387,DK,Miss,Tilde,Hansen,"{'number': 2121, 'name': 'Søndervej'}",Sørvad,Danmark,Denmark,66517,"{'latitude': '-43.8519', 'longitude': '21.9698'}","{'offset': '+2:00', 'description': 'Kaliningrad, South Africa'}",f2483dd1-a9f9-45ac-b4b4-c356f3962d9a,crazyrabbit311,record,K0JvOWCp,bc1f87267ae255dbd1fe8cdd94ed61d2,76824d5752a296e9ddfdca8a86d65e39ceae6dd8,9fd761cf24eed9f233b7839e73c228edeea11cd580af1b1d6083ce07fbe2c254,1965-04-14T23:22:40.927Z,59,2010-03-26T09:19:38.761Z,14,CPR,140465-7639,https://randomuser.me/api/portraits/women/93.jpg,https://randomuser.me/api/portraits/med/women/93.jpg,https://randomuser.me/api/portraits/thumb/women/93.jpg
male,alex.lambert@example.com,03-0060-7986,0485-598-710,AU,Mr,Alex,Lambert,"{'number': 715, 'name': 'Sunset St'}",Bundaberg,New South Wales,Australia,9257,"{'latitude': '-88.1504', 'longitude': '-77.9008'}","{'offset': '-1:00', 'description': 'Azores, Cape Verde Islands'}",0861c334-8ea3-446b-aa6b-d6a9501a1bfd,happypanda885,ohyeah,G5OmsxSA,a734f63b310b2404aa305a4b02fcabc6,6fbe9a44b261f2b094f607bdc716832dda90219f,dcd59e06d5f2bd9d1e94869104af2b254eb0e43c51205631b7be9c8502ef8eee,1968-02-07T00:28:51.351Z,57,2015-10-23T17:14:25.768Z,9,TFN,407650520,https://randomuser.me/api/portraits/men/59.jpg,https://randomuser.me/api/portraits/med/men/59.jpg,https://randomuser.me/api/portraits/thumb/men/59.jpg
female,verica.sarovic@example.com,018-8688-994,063-2979-230,RS,Ms,Verica,Šarović,"{'number': 2816, 'name': 'Dervanova'}",Šabac,Nišava,Serbia,26464,"{'latitude': '56.7491', 'longitude': '15.5474'}","{'offset': '-3:00', 'description': 'Brazil, Buenos Aires, Georgetown'}",eac542b6-2be0-4032-b4a7-e2fbd5ed9edf,lazytiger227,pass1,Q4bcpjTt,50e411d19a05b48ef65bf99e36dc2f87,edbcdaad515d04e646b26c474a40351dd4f1f77a,00334597820177ec8ee1a630590314ff7e8b43b3e9e5ac36099b2bf63d9f7a0a,1999-01-19T08:21:19.179Z,26,2016-10-15T19:33:31.629Z,8,SID,869936203,https://randomuser.me/api/portraits/women/80.jpg,https://randomuser.me/api/portraits/med/women/80.jpg,https://randomuser.me/api/portraits/thumb/women/80.jpg
female,becky.burton@example.com,051-699-9506,081-665-3603,IE,Mrs,Becky,Burton,"{'number': 6941, 'name': 'Mill Road'}",Carrigaline,Longford,Ireland,83808,"{'latitude': '-1.4767', 'longitude': '9.0159'}","{'offset': '0:00', 'description': 'Western Europe Time, London, Lisbon, Casablanca'}",21a7b739-ddd8-4163-b603-16e86bafff80,brownbird456,212121,33HeypBA,30693b62eaa16a48f1ea3427585ed173,a779159f13286f34b4d13cffbbe08b9c7c5f586d,ba8997225ce8e29072d68636abfcd760dc643ad9efc10e53d1f4499c5f1a84b6,1997-08-12T22:09:42.249Z,27,2013-02-20T10:26:42.203Z,12,PPS,7604520T,https://randomuser.me/api/portraits/women/40.jpg,https://randomuser.me/api/portraits/med/women/40.jpg,https://randomuser.me/api/portraits/thumb/women/40.jpg
male,faraj.nayak@example.com,8029402882,9668417316,IN,Mr,Faraj,Nayak,"{'number': 4965, 'name': 'Rani No Hajiro'}",Chandrapur,Nagaland,India,33594,"{'latitude': '8.9922', 'longitude': '-128.6833'}","{'offset': '+6:00', 'description': 'Almaty, Dhaka, Colombo'}",59c7b3b4-f2c5-42e1-a4c7-a650903e704d,silverladybug700,coyote,7jUui5ej,554f62b94b0820d70f9150e9a7afcb0b,aef9ed0c23679fca3a70c550fe67416cc100c0e9,1d90af7b56962b536318d979eff1c96dd275ebabc8078bb96c25b53f41b67301,1967-01-28T13:38:27.003Z,58,2008-11-16T12:28:35.919Z,16,UIDAI,069222626954,https://randomuser.me/api/portraits/men/5.jpg,https://randomuser.me/api/portraits/med/men/5.jpg,https://randomuser.me/api/portraits/thumb/men/5.jpg
female,oriyanka.klichko@example.com,(096) M82-2981,(066) O47-3615,UA,Ms,Oriyanka,Klichko,"{'number': 1299, 'name': 'Ploshcha Znan'}",Mostiska,Ternopilska,Ukraine,32814,"{'latitude': '72.9671', 'longitude': '28.6095'}","{'offset': '-4:00', 'description': 'Atlantic Time (Canada), Caracas, La Paz'}",a6f42b9c-4dda-4557-8403-a1c1197e33fe,bluemouse194,1111,2YPuuDIq,29d85d78ce6d5f91145bce25ea3cd9a0,2c598943e7fe4218b8e7803ad61880601f331ab8,dbdb4fdb7f218db74bec587513440a55ad0232cfc0de5f077ad8f74d5c1d13ca,1989-08-16T10:12:31.565Z,35,2003-12-01T22:10:45.559Z,21,,,https://randomuser.me/api/portraits/women/7.jpg,https://randomuser.me/api/portraits/med/women/7.jpg,https://randomuser.me/api/portraits/thumb/women/7.jpg
female,drs.njty@example.com,081-26289975,0982-505-2781,IR,Ms,درسا,نجاتی,"{'number': 9081, 'name': 'سپهبد قرنی'}",اهواز,یزد,Iran,83591,"{'latitude': '20.7428', 'longitude': '166.0579'}","{'offset': '-3:00', 'description': 'Brazil, Buenos Aires, Georgetown'}",5bc5e52f-d7d6-4493-b707-ab0a6c2393df,heavyostrich730,1970,D1ArLlBE,afca9048d2f2ebcc974791be41001923,bbde4967e45ac4952d82e0c8df340cd4ca11acdb,1b8a77aee311fcea9de017aba7395f5163be7682d1b01f08d08296954133c820,1946-06-29T05:42:24.031Z,78,2015-06-02T09:35:32.860Z,9,,,https://randomuser.me/api/portraits/women/37.jpg,https://randomuser.me/api/portraits/med/women/37.jpg,https://randomuser.me/api/portraits/thumb/women/37.jpg
male,mikael.salminen@example.com,06-201-061,049-733-77-22,FI,Mr,Mikael,Salminen,"{'number': 7047, 'name': 'Visiokatu'}",Ii,Ostrobothnia,Finland,40109,"{'latitude': '-23.8597', 'longitude': '-11.5871'}","{'offset': '+9:00', 'description': 'Tokyo, Seoul, Osaka, Sapporo, Yakutsk'}",9ddbf285-8118-4801-8e39-c7b783020a2f,bluemeercat825,sweet1,GffHFahc,250b1871039f3500c54cfb4ba892e786,b936fc78fceb3b9e571cd2da736a07a6dcbbacac,d9f579b2ba8635f76477016383eeae01b997ef047828565a94b907e8c4b7e784,1972-01-15T22:17:38.656Z,53,2016-10-14T14:05:25.152Z,8,HETU,NaNNA211undefined,https://randomuser.me/api/portraits/men/44.jpg,https://randomuser.me/api/portraits/med/men/44.jpg,https://randomuser.me/api/portraits/thumb/men/44.jpg
female,sara.larsen@example.com,05422239,60939446,DK,Mrs,Sara,Larsen,"{'number': 5046, 'name': 'Strandstien'}",Amager,Syddanmark,Denmark,19371,"{'latitude': '-42.3941', 'longitude': '93.7040'}","{'offset': '+10:00', 'description': 'Eastern Australia, Guam, Vladivostok'}",c66f8c1e-1a43-4a74-98fd-1b6771864435,ticklishbutterfly747,wildcard,PqnPEqKF,fff571779bbbb76143c9227a6a38380b,3a5fa9b32a1c32e613bd99de023c8c012cbf784e,8ae56fd3d1ce6b58f06fdda5d18e7afbe937f8fedff4718b02232ba93f669115,1966-01-17T13:23:58.921Z,59,2011-09-30T15:45:39.724Z,13,CPR,170166-5806,https://randomuser.me/api/portraits/women/47.jpg,https://randomuser.me/api/portraits/med/women/47.jpg,https://randomuser.me/api/portraits/thumb/women/47.jpg
female,ysmyn.hydry@example.com,045-24036548,0947-218-1395,IR,Miss,یاسمین,حیدری,"{'number': 4596, 'name': 'شهید اکبر وصالی'}",اردبیل,قزوین,Iran,33567,"{'latitude': '13.0238', 'longitude': '59.1084'}","{'offset': '+5:30', 'description': 'Bombay, Calcutta, Madras, New Delhi'}",f20b7618-4654-45c2-8856-fee7a7936169,happywolf918,fender1,zvpwXjaG,20cc2d0a93020b153fe0d2878d84c599,e440907b1fe173410db0c3dccaf189e93c426038,a4ee6aaa5c9d1d8f67da29161e7fb97dc6f7130b7bd443e382c42df92368ba3f,1996-01-12T03:11:57.232Z,29,2012-04-08T04:47:10.592Z,12,,,https://randomuser.me/api/portraits/women/66.jpg,https://randomuser.me/api/portraits/med/women/66.jpg,https://randomuser.me/api/portraits/thumb/women/66.jpg
female,cora.veith@example.com,0546-7926101,0177-5328537,DE,Ms,Cora,Veith,"{'number': 9332, 'name': 'Uhlandstraße'}",Colditz,Rheinland-Pfalz,Germany,52532,"{'latitude': '-53.0025', 'longitude': '151.3983'}","{'offset': '-10:00', 'description': 'Hawaii'}",3eb1ef2a-7d7d-41e9-831f-a9607879ce4a,yellowostrich626,anfield,ZE1h4Jco,848ee092e87078d5cc1bb85bbd0d6d49,1407e672186da560895e61a08fddb4308dca3f98,2e7abea59e277e471ebab8c678418f22cd6833f91c77f5711ec9836afc1e9cc8,1966-04-12T08:02:11.703Z,58,2002-07-03T17:40:57.262Z,22,SVNR,56 120466 V 698,https://randomuser.me/api/portraits/women/44.jpg,https://randomuser.me/api/portraits/med/women/44.jpg,https://randomuser.me/api/portraits/thumb/women/44.jpg
female,gaudencia.cavalcanti@example.com,(29) 7741-0480,(04) 6711-9119,BR,Mrs,Gaudência,Cavalcanti,"{'number': 8630, 'name': 'Rua Santa Maria '}",Petrópolis,Santa Catarina,Brazil,52931,"{'latitude': '-73.8181', 'longitude': '166.2991'}","{'offset': '0:00', 'description': 'Western Europe Time, London, Lisbon, Casablanca'}",5257daad-719d-4f49-b9b3-bf7cf3fcb630,bluepanda950,pictuers,fLZ0pMoL,8d95838774a5910c59f97ed9b4effe3e,dff23b508fd3915e0ce2568d6800e1911032394d,440ae79e64f578827631ce5ce30b4dfa0953f61455f096fb6b03b8a8aeb92ddd,1969-06-27T16:36:41.237Z,55,2018-04-08T01:14:22.942Z,6,CPF,980.756.379-07,https://randomuser.me/api/portraits/women/91.jpg,https://randomuser.me/api/portraits/med/women/91.jpg,https://randomuser.me/api/portraits/thumb/women/91.jpg
male,angelo.ramos@example.com,(31) 9140-2344,(49) 4584-1575,BR,Mr,Ângelo,Ramos,"{'number': 5781, 'name': 'Rua Santa Maria '}",Juazeiro,São Paulo,Brazil,50368,"{'latitude': '-73.0560', 'longitude': '-129.6378'}","{'offset': '+4:30', 'description': 'Kabul'}",fda9a7f7-6b79-408d-8b6b-e2e562e27035,greenpanda932,please1,ySDKaIZb,b6d2b120d77980a53006232b797ea307,624b3e83f829e40d5839ad16292b0e9095f9bbb2,c52565f47c7e8c21baaf1afd05d7c00a6e592ed67ccc51d2c2cc13dc2a4a78c8,1951-12-10T19:15:05.414Z,73,2020-05-04T01:49:57.790Z,4,CPF,454.266.618-10,https://randomuser.me/api/portraits/men/33.jpg,https://randomuser.me/api/portraits/med/men/33.jpg,https://randomuser.me/api/portraits/thumb/men/33.jpg
male,mhmdmyn.ysmy@example.com,095-66781130,0917-916-7788,IR,Mr,محمدامين,یاسمی,"{'number': 2096, 'name': 'هویزه'}",مشهد,همدان,Iran,65929,"{'latitude': '14.5876', 'longitude': '-142.8668'}","{'offset': '-3:00', 'description': 'Brazil, Buenos Aires, Georgetown'}",cf53dbb9-f4a1-4b63-8757-9597e9aabe32,goldenladybug627,jasmine,0rOfQyos,15c0557d7cda20842ae41ec3dc542477,c172e349e060a04aeb096235f29f1beb6b668459,d3745adb165bf1a91f4214823528c6fa08fe51ef50cebedff861a24181f916a3,1963-10-27T18:15:22.479Z,61,2014-05-22T08:25:14.778Z,10,,,https://randomuser.me/api/portraits/men/47.jpg,https://randomuser.me/api/portraits/med/men/47.jpg,https://randomuser.me/api/portraits/thumb/men/47.jpg
female,ester.grinde@example.com,58139820,99497488,NO,Ms,Ester,Grinde,"{'number': 2016, 'name': 'Jernkroken'}",Haugland,Finnmark - Finnmárku,Norway,4635,"{'latitude': '38.7114', 'longitude': '87.2024'}","{'offset': '+3:30', 'description': 'Tehran'}",44a93644-e789-4805-945d-904c37c16ed4,smalllion113,fallout,BHMGauxp,0ca689f8df37a506beb4ad99b6318221,af161aa0499f32cfd5013b07a119646083cc3b66,2d8739fa631351cf81979c7f5848ed848af5bb7092e32409f36f16c9d35be1d1,1962-01-23T02:59:48.693Z,63,2017-08-11T02:19:10.825Z,7,FN,23016234656,https://randomuser.me/api/portraits/women/19.jpg,https://randomuser.me/api/portraits/med/women/19.jpg,https://randomuser.me/api/portraits/thumb/women/19.jpg
male,ray.hillebrand@example.com,(0405) 918179,(06) 22317664,NL,Mr,Ray,Hillebrand,"{'number': 1975, 'name': 'Jacob Obrechtpark'}",Velsen,Gelderland,Netherlands,8017 YP,"{'latitude': '34.2823', 'longitude': '-84.3405'}","{'offset': '+1:00', 'description': 'Brussels, Copenhagen, Madrid, Paris'}",b473dd4a-7335-4b0c-a8d6-55a89e5d317b,ticklishgorilla430,lilly,ComvSdXP,69b8f0a90ef50ecc98959e1b3d52e541,23a50d10ca8328d6f323b6562b9be0e53a9be8ff,5e1526d27c292de9e4a46e1edc84b09db2efc29b463ff4ef7a2bc6ee8efe4871,1963-12-15T13:31:55.635Z,61,2015-07-09T21:17:05.176Z,9,BSN,93768759,https://randomuser.me/api/portraits/men/52.jpg,https://randomuser.me/api/portraits/med/men/52.jpg,https://randomuser.me/api/portraits/thumb/men/52.jpg
male,nixon.harris@example.com,(325)-756-1860,(000)-432-4159,NZ,Mr,Nixon,Harris,"{'number': 5726, 'name': 'Lichfield Street'}",Greymouth,Taranaki,New Zealand,10295,"{'latitude': '49.6098', 'longitude': '-150.3482'}","{'offset': '+7:00', 'description': 'Bangkok, Hanoi, Jakarta'}",c4c973b0-6bd3-4fc8-ba5c-589c539b9a2d,greenrabbit403,network,yUZo8XFm,fcac7dc0495f4632789707dbd2c63d89,eb4c4cb74f3e6b0702b2c6b0c2b991f915a3a4a9,b3c76ac7f1bcf506c75485103a457d9120ac6fc8698a6bcf882eec122ef3ca8b,1976-03-20T10:50:47.931Z,48,2014-02-08T20:45:46.548Z,11,,,https://randomuser.me/api/portraits/men/77.jpg,https://randomuser.me/api/portraits/med/men/77.jpg,https://randomuser.me/api/portraits/thumb/men/77.jpg
male,lewis.medina@example.com,(919) 281-5480,(316) 959-6700,US,Mr,Lewis,Medina,"{'number': 5498, 'name': 'Avondale Ave'}",Garden Grove,Ohio,United States,89630,"{'latitude': '82.0611', 'longitude': '-69.3826'}","{'offset': '-12:00', 'description': 'Eniwetok, Kwajalein'}",a90805be-e9f4-44cc-b15c-a48bf1f1e297,goldenrabbit694,barnes,6M0qqWXo,94a73c8458b9e76962b4958263c39563,bcbe8ef13c0a8083c987a0f4f44be51d2a83dccc,af904b4a6d786ae0315b4430d304faee771866abfeedbd3a81f64af1391d5156,1960-12-05T14:26:46.132Z,64,2012-10-14T15:46:45.172Z,12,SSN,893-30-7471,https://randomuser.me/api/portraits/men/70.jpg,https://randomuser.me/api/portraits/med/men/70.jpg,https://randomuser.me/api/portraits/thumb/men/70.jpg
female,emily.stewart@example.com,016973 77912,07402 240335,GB,Mrs,Emily,Stewart,"{'number': 3140, 'name': 'The Green'}",Oxford,North Yorkshire,United Kingdom,B9A 7WU,"{'latitude': '-10.0000', 'longitude': '67.2882'}","{'offset': '+3:30', 'description': 'Tehran'}",5d795daa-e8dc-4dff-ba4e-daf08dadd92a,tinyswan686,coyote,FZVZ88QM,504c056d945285a6cebe142d78b92d6f,4199762beaf7d6a9dcdd75d5b714b1a7af35d360,5faed638ce9cdca59995fb1102985471f13992e82468a5645592faf6ade7d1fe,1999-07-19T21:16:16.399Z,25,2002-06-28T08:00:25.265Z,22,NINO,TL 70 39 16 A,https://randomuser.me/api/portraits/women/54.jpg,https://randomuser.me/api/portraits/med/women/54.jpg,https://randomuser.me/api/portraits/thumb/women/54.jpg
female,nouk.vanvark@example.com,(0237) 909438,(06) 45667379,NL,Ms,Nouk,Van Vark,"{'number': 2884, 'name': 'Kasterensestraat'}",Heumen,Flevoland,Netherlands,4454 KS,"{'latitude': '31.8650', 'longitude': '85.4425'}","{'offset': '+3:00', 'description': 'Baghdad, Riyadh, Moscow, St. Petersburg'}",beb84e51-794c-4df6-9a2b-32e928c9d5d1,sadduck241,broken,KqVZ0yJM,aba2a798c19de79895f17cde74a21ae2,ab194095910358de4daada57eb2543d471bcb253,d2f00059eb665d06b0c1f148b9da978849576b52d0047798cc1ff7be0052c0aa,1995-01-05T18:28:11.576Z,30,2013-11-05T19:53:09.685Z,11,BSN,17543980,https://randomuser.me/api/portraits/women/13.jpg,https://randomuser.me/api/portraits/med/women/13.jpg,https://randomuser.me/api/portraits/thumb/women/13.jpg
female,ela.sandmo@example.com,66791890,90695779,NO,Mrs,Ela,Sandmo,"{'number': 2651, 'name': 'Sørumgata'}",Hundorp,Nord-Trøndelag,Norway,3245,"{'latitude': '39.0743', 'longitude': '106.2447'}","{'offset': '-1:00', 'description': 'Azores, Cape Verde Islands'}",3b864d56-43a8-4a3e-8689-bc11aaabe1df,organicpanda799,leelee,pOHPn5FB,7a31e3823028344adf29ee0d5ce28d52,e1de838eeed310a4acb8fad9e5f5068c63e3e16e,37f1e8c69299edb80d020e262903c66c9394b61eb3efd65688e6eacb470d9536,1950-02-17T12:17:58.988Z,75,2004-04-24T18:19:48.026Z,20,FN,17025023471,https://randomuser.me/api/portraits/women/66.jpg,https://randomuser.me/api/portraits/med/women/66.jpg,https://randomuser.me/api/portraits/thumb/women/66.jpg
male,isaac.ballesteros@example.com,(621) 939 8965,(656) 769 1549,MX,Mr,Isaac,Ballesteros,"{'number': 8015, 'name': 'Peatonal del Río'}",Los Globos,Tlaxcala,Mexico,86632,"{'latitude': '23.4047', 'longitude': '-36.2531'}","{'offset': '+2:00', 'description': 'Kaliningrad, South Africa'}",718cb7ed-5d0c-429c-9bb9-2fd342f5eeea,sadmeercat240,photo,xYdWjMXJ,887b045a456d8e6b82eb49a91e3b6fda,20eb5079a2418269ed7966569bdee70852dbea51,3c7cae11d81abfa8eb41f187b3e638430a508faf8281bc17b4e181c5da485d03,1999-12-31T18:10:51.519Z,25,2018-10-11T20:48:03.160Z,6,NSS,31 37 40 5761 2,https://randomuser.me/api/portraits/men/19.jpg,https://randomuser.me/api/portraits/med/men/19.jpg,https://randomuser.me/api/portraits/thumb/men/19.jpg
female,jane.richard@example.com,079 578 56 22,076 415 04 73,CH,Mademoiselle,Jane,Richard,"{'number': 9449, 'name': 'Avenue du Château'}",Schwanden bei Brienz,Schwyz,Switzerland,2924,"{'latitude': '-59.7898', 'longitude': '11.5564'}","{'offset': '-1:00', 'description': 'Azores, Cape Verde Islands'}",7db6f0c9-57f7-47d9-8004-2fb3a53d9cd8,crazydog989,626262,B0DEYKWc,545070d9f2556beb7870936bc9a07930,293ca2242b16c66aef7a56c2e1247e09e51ef3be,969754731648e3d979abbbfc3aef744d10eb78bab6cc57a1542fd4fdb1983666,1985-07-06T22:26:00.158Z,39,2006-12-18T11:43:08.149Z,18,AVS,756.5455.4187.28,https://randomuser.me/api/portraits/women/65.jpg,https://randomuser.me/api/portraits/med/women/65.jpg,https://randomuser.me/api/portraits/thumb/women/65.jpg
male,lincoln.hall@example.com,(294)-212-4195,(687)-780-0519,NZ,Mr,Lincoln,Hall,"{'number': 6077, 'name': 'Wairere Drive'}",Taupo,West Coast,New Zealand,42255,"{'latitude': '51.2401', 'longitude': '-142.6992'}","{'offset': '+5:00', 'description': 'Ekaterinburg, Islamabad, Karachi, Tashkent'}",a3a9fbf5-e990-4e09-b98d-d8764f742462,orangeswan869,michaels,5KLa6cJE,e2ad73026db9c2cd8d05b17926695191,e4753c702bcb9f0428db6a1e2d95d7b89651e51f,f3d0a1abf555f7d54b151748a2175a23f6d8dda04f6c3e41092a07a7547d3807,1973-08-20T08:40:29.646Z,51,2012-04-01T21:43:07.717Z,12,,,https://randomuser.me/api/portraits/men/42.jpg,https://randomuser.me/api/portraits/med/men/42.jpg,https://randomuser.me/api/portraits/thumb/men/42.jpg
